timestamp,actual_price,crypto_pair,lightgbm_prediction,lightgbm_error,lightgbm_error_pct,randomforest_prediction,randomforest_error,randomforest_error_pct,xgboost_prediction,xgboost_error,xgboost_error_pct,nbeats_prediction,nbeats_error,nbeats_error_pct,lstm_prediction,lstm_error,lstm_error_pct,tide_transformer_prediction,tide_transformer_error,tide_transformer_error_pct,tft_prediction,tft_error,tft_error_pct,ensemble_prediction,ensemble_error,ensemble_error_pct,price_change_pct,ensemble_signal
2025-06-02,156.99806213378906,SOL-USD,157.79497644738342,0.7969143135943568,0.5075950000677398,163.13591586548847,6.137853731699408,3.9095092310559307,155.0079,-1.9901580810546875,-1.2676322586445266,154.4865888609687,-2.5114732728203535,-1.5996842500388007,131.0700706850739,-25.927991448715176,-16.51484807922031,161.87027214278953,4.872210009000469,3.103356782103792,167.4141764107458,10.416114276956733,6.6345495832174235,155.82570063788347,-1.1723614959055908,-0.7467362844940973,,HOLD
2025-06-03,155.34317016601562,SOL-USD,155.54419001351621,0.20101984750058932,0.12940372420992755,164.39550028039176,9.052330114376133,5.827311303549352,155.95892,0.615753173828125,0.39638252082152575,153.11456396986821,-2.2286061961474104,-1.434634167543828,131.06953492269093,-24.27363524332469,-15.625814264884255,159.49855390865008,4.155383742634456,2.674970349963624,132.72871808609207,-22.614452079923552,-14.557738235775306,150.32999778872187,-5.013172377293756,-3.2271598242369888,-1.05408432771813,SELL
2025-06-04,153.35964965820312,SOL-USD,152.12855101941216,-1.231098638790968,-0.8027526416073272,166.08491753725295,12.725267879049824,8.297663634085614,145.77078,-7.5888671875,-4.948411922179998,153.1301026703751,-0.22954698782803007,-0.14967886816358003,131.06932362774674,-22.290326030456384,-14.534674590177696,160.49783380854038,7.138184150337253,4.654538639235497,172.5753493074492,19.215699649246062,12.529827560295438,154.46526577735423,1.105616119151108,0.7209302587839925,-1.2768636726627314,HOLD
2025-06-05,144.54295349121094,SOL-USD,153.64711873876672,9.104165247555784,6.29858808586568,166.5676403454845,22.02468685427357,15.237468394204909,145.85802,1.3150634765625,0.909808084586056,152.49616710684114,7.9532136156302045,5.50231846211293,131.06919525985023,-13.473758231360705,-9.321629249937798,163.41975339406508,18.876799902854145,13.059647286093378,151.79329648768766,7.250342996476718,5.016047355720859,152.12159832863838,7.578644837427447,5.243178345520851,-5.749032543202992,BUY
2025-06-06,147.9131317138672,SOL-USD,153.08286856999254,5.169736856125354,3.4951168947771527,167.83624289827148,19.92311118440429,13.469467486460132,151.42017,3.5070343017578125,2.3710094304149063,154.8994989520297,6.986367238162501,4.7232907296408175,131.06908000357515,-16.844051710292035,-11.387800065565692,163.01909383300932,15.105962119142134,10.212725499155878,128.5554883820124,-19.357643331854774,-13.087170224548734,149.98320552207366,2.070073808206473,1.3995199643334975,2.3316101831703406,HOLD
2025-06-07,150.13406372070312,SOL-USD,161.21016106143003,11.076097340726903,7.377471218878048,168.70546297241822,18.571399251715093,12.369877156102143,147.13464,-2.999420166015625,-1.9978278690940492,157.0742785971331,6.9402148764299625,4.622678361215186,131.06895430292246,-19.06510941778066,-12.698723357843559,164.2221781646473,14.088114443944164,9.383689547065426,134.77566158680943,-15.35840213389369,-10.22979179626096,152.02733432000687,1.8932705993037473,1.2610533228660417,1.5015110430710354,HOLD
2025-06-08,152.4300994873047,SOL-USD,159.71446153779496,7.284362050490273,4.778821292507888,169.48165105502704,17.051551567722356,11.186472766910786,149.17982,-3.250274658203125,-2.1323050166176842,158.41474201311595,5.984642525811267,3.9261553629765267,131.06883124170184,-21.361268245602844,-14.013812440883397,164.03443052721656,11.60433103991187,7.612886876635772,143.58918203554833,-8.840917451756354,-5.799981421971505,153.64044617707233,1.210346689767647,0.7940339170797773,1.5293236655959053,HOLD
2025-06-09,161.08865356445312,SOL-USD,159.71111418628797,-1.377539378165153,-0.8551436415191007,152.58276018872928,-8.505893375723844,-5.280256050014443,148.74628,-12.342376708984375,-7.661853542059727,156.31330341736327,-4.775350147089853,-2.9644236520849616,131.06872054712284,-30.01993301733029,-18.635659528508643,159.89381815591668,-1.1948354085364485,-0.7417253680492049,133.86834022965846,-27.220313334794668,-16.897722299170844,148.8834762257925,-12.205177338660633,-7.576683440200973,5.680344043775665,SELL
2025-06-10,165.02816772460938,SOL-USD,149.05724745448404,-15.970920270125333,-9.67769350549707,152.0533059757923,-12.974861748817062,-7.862210389725015,148.94667,-16.081497192382812,-9.744698383380708,156.07198717506597,-8.956180549543404,-5.427061739235342,131.0686279868613,-33.95953973774809,-20.57802628846855,161.60389410780186,-3.424273616807511,-2.074963119339581,145.24283713324397,-19.78533059136541,-11.989062754657837,149.14922433792512,-15.878943386684256,-9.621959454329172,2.445556575826746,SELL
2025-06-11,161.0558624267578,SOL-USD,150.46059433326067,-10.59526809349714,-6.578629261828622,151.30769660901714,-9.74816581774067,-6.052661275943167,146.41957,-14.63629150390625,-9.08771111052371,153.78828247449852,-7.267579952259297,-4.512459119930714,131.06855732916023,-29.987305097597584,-18.619195008337364,166.61598092477416,5.560118498016351,3.4522919030934904,121.4982290711137,-39.557633355644114,-24.561436485203046,145.87984452352512,-15.17601790323269,-9.422828622667602,-2.4070468409249646,SELL
2025-06-12,152.7896728515625,SOL-USD,142.5620776077909,-10.227595243771589,-6.6939047992516185,150.28459600786528,-2.505076843697225,-1.639559007453956,141.64693,-11.142745971679688,-7.292865914115174,155.1295088206822,2.33983596911969,1.5314097644497717,131.06850633354026,-21.721166518022244,-14.216383943124669,162.5822324324082,9.792559580845705,6.409176352095031,136.51021437897705,-16.279458472585446,-10.654815975947006,145.68343749444952,-7.106235357112979,-4.650991931906808,-5.132498408093944,SELL
2025-06-13,148.62835693359375,SOL-USD,136.28544948507874,-12.342907448515007,-8.304544101250977,149.65074405883655,1.0223871252428012,0.6878816037101168,137.79523,-10.8331298828125,-7.28873689134078,157.16173583247596,8.533378898882205,5.741420463051251,131.0684696727236,-17.55988726087014,-11.81462785645662,162.5098688451123,13.881511911518544,9.339746598773692,154.14877554040524,5.520418606811489,3.714243177214143,146.94575292648764,-1.6826040071061072,-1.1320881437570385,-2.7235583664162566,HOLD
2025-06-14,144.7637481689453,SOL-USD,138.53072587114303,-6.233022297802279,-4.305651364130254,148.8752435766337,4.1114954076883805,2.8401415821936955,138.12656,-6.6371917724609375,-4.584843827554851,157.78411675531754,13.020368586372228,8.99421903001359,131.06844192121724,-13.69530624772807,-9.460452924820016,159.57228631616942,14.808538147224112,10.229452010279488,136.01972257481813,-8.74402559412718,-6.040203921718398,144.2824419159691,-0.48130625297622487,-0.33247705939094674,-2.6001826598777034,HOLD
2025-06-15,152.81439208984375,SOL-USD,136.11152261975224,-16.702869470091514,-10.930167794844508,148.64070758584865,-4.173684503995105,-2.731211665941309,140.14648,-12.66790771484375,-8.28973471778492,162.77574762507763,9.961355535233878,6.518597757060293,131.0684182401933,-21.745973849650454,-14.230317938159518,163.29699845850953,10.482606368665785,6.85969837350318,157.29799952309625,4.4836074332525016,2.9340217056365128,148.47683977535394,-4.3375523144898125,-2.8384448972186123,5.56122925989937,SELL
2025-06-16,150.8699951171875,SOL-USD,136.21797949837736,-14.65201561881014,-9.711682967464313,144.23344473736583,-6.636550379821671,-4.398853711546,139.11601,-11.753982543945312,-7.790801964840965,160.49689734854473,9.626902231357235,6.380925659790463,131.06839415474207,-19.801600962445434,-13.124943065759789,159.68866668124303,8.818671564055535,5.845212334769201,169.87030061004728,19.00030549285978,12.593826544569971,148.67024222908034,-2.199752888107156,-1.4580453100687842,-1.2723912624100775,HOLD
2025-06-17,147.7498016357422,SOL-USD,134.97642348335333,-12.773378152388858,-8.645276007801318,144.0979484911194,-3.651853144622777,-2.47164673264736,137.86389,-9.885910034179688,-6.690980241416571,160.07255914741197,12.322757511669778,8.340287009014013,131.06836544640043,-16.681436189341753,-11.290327299706062,160.61806538383377,12.868263748091579,8.709496463363518,124.95917232037658,-22.790629315365607,-15.425150533570884,141.9509179820083,-5.7988836537338955,-3.9247996203949462,-2.0681338784572234,SELL
2025-06-18,146.35311889648438,SOL-USD,136.06442905738317,-10.28868983910121,-7.030044809894625,143.9955331752453,-2.357585721239076,-1.6108886090132435,141.007,-5.3461151123046875,-3.6528877229367396,158.1184518609552,11.765332964470815,8.039003919549156,131.0683288194967,-15.284790076987662,-10.443774749890093,162.47221892304302,16.11910002655864,11.013841145373668,150.11045393235534,3.757335035870966,2.5673077992471964,146.11948850752262,-0.2336303889617568,-0.1596347182235342,-0.9453026154993771,HOLD
2025-06-19,147.07147216796875,SOL-USD,139.76820845829022,-7.303263709678532,-4.965792211107776,143.7399734961024,-3.331498671866342,-2.2652242632490096,143.40709,-3.6643829345703125,-2.4915660940588533,155.11129001205296,8.039817844084212,5.4666059471425035,131.06828347927666,-16.00318868869209,-10.881232405435517,159.48946921106815,12.417997043099405,8.443511756594742,156.34297016396934,9.27149799600059,6.304076418988798,146.9896120077369,-0.08186016023185516,-0.05566012158929337,0.49083564252052625,HOLD
2025-06-20,140.16859436035156,SOL-USD,143.3441252892696,3.17553092891805,2.2655081499599374,143.2152529055549,3.046658545203343,2.173567166815456,141.27338,1.1047821044921875,0.7881809113758859,155.38513888430157,15.216544523950006,10.855887221662968,131.0682319483794,-9.100362411972156,-6.492440374037386,164.49550922399303,24.326914863641463,17.355467517281912,146.21472168764734,6.046127327295778,4.313467902625983,146.42805091485567,6.259456554504112,4.465662642240691,-4.6935532131843205,BUY
2025-06-21,135.1610107421875,SOL-USD,142.336600408178,7.175589665990486,5.308919803564909,143.0670083322098,7.905997590022309,5.849318192139434,145.91719,10.756179809570312,7.9580492558517175,153.9709738457352,18.809963103547688,13.91670793245746,131.0681774035757,-4.092833338611797,-3.028116848296334,163.54574665935488,28.384735917167376,21.00068337851495,157.62701573056975,22.466004988382252,16.6216609841983,148.2189589901973,13.057948248009808,9.661031814061493,-3.5725432226924814,BUY
2025-06-22,131.61569213867188,SOL-USD,145.4334359666236,13.817743827951716,10.498553480532683,143.20012459813032,11.58443245945844,8.801710701223183,147.94228,16.326583862304688,12.404739584625519,155.67492128287333,24.059229144201453,18.279909297481307,131.06811923545655,-0.5475729032153254,-0.41603922322453457,162.68891874933428,31.073226610662402,23.60905915225008,145.34079170886255,13.725099570190679,10.42816350175764,147.33551250603676,15.719820367364889,11.943728070663715,-2.6230335094771795,BUY
2025-06-23,144.8467254638672,SOL-USD,146.27978735382308,1.4330618899558942,0.9893643680011113,139.83370832112504,-5.013017142742143,-3.4609116130779687,149.71338,4.8666534423828125,3.3598643164334607,156.87187795452493,12.025152490657746,8.301984357704715,131.0680546293635,-13.778670834503686,-9.512587040112862,162.21976836669305,17.37304290282586,11.994087437730624,151.8573858454113,7.010660381544113,4.840054450035159,148.26342305388442,3.416697590017236,2.3588366109591825,10.052777985815652,BUY
2025-06-24,145.95452880859375,SOL-USD,148.6705443460397,2.7160155374459407,1.8608641743537477,140.17911081584225,-5.7754179927515,-3.956998141746901,153.93011,7.9755859375,5.464431972480459,155.98615115094373,10.031622342349976,6.873114814755456,131.06798836411522,-14.886540444478527,-10.199437157582748,159.84269601862664,13.88816721003289,9.515406834854693,169.57041497839128,23.615886169797534,16.180303799115165,151.32100291715037,5.366474108556616,3.6768123280328386,0.7648107619822708,BUY
2025-06-25,143.505126953125,SOL-USD,145.97715504604537,2.472028092920368,1.722606115478954,139.98052860148752,-3.5245983516374793,-2.4560783481894455,150.30359,6.7984619140625,4.73743486271621,156.9022099647762,13.397083011651205,9.335612807776041,131.0679334749425,-12.437193478182508,-8.666724138883925,166.59877500729044,23.093648054165442,16.092559579218957,148.28482228588197,4.7796953327569724,3.330679143134885,148.44500189251593,4.939874939390933,3.442298574464528,-1.6781951717859456,BUY
2025-06-26,139.0598602294922,SOL-USD,147.41448456579806,8.354624336305875,6.00793379377639,139.81642700660979,0.7565667771175981,0.5440583471528209,153.25485,14.194992065429688,10.207828515003193,157.18328591965144,18.12342569015925,13.032823174314961,131.06789613797338,-7.99196409151881,-5.747139453706895,162.66882381827313,23.608963588780938,16.977554522073284,165.2302699156034,26.170409686111213,18.819528254179076,150.9480056655473,11.888145436055112,8.548941021827549,-3.0976361737130365,BUY
2025-06-27,142.1914825439453,SOL-USD,146.49111222029418,4.2996296763488715,3.023830681996047,139.48873712028873,-2.70274542365658,-1.9007787072065143,153.88895,11.697463989257812,8.22655744210461,159.18141288354985,16.98993033960454,11.948627326783571,131.0678729477304,-11.12360959621492,-7.82297884317866,163.62060749060234,21.429124946657026,15.070610815267504,139.31071876016065,-2.8807637837846585,-2.0259749263774203,147.57848685083277,5.387004306887462,3.788556255627034,2.2519958737805323,BUY
2025-06-28,150.8275604248047,SOL-USD,142.25931640683305,-8.568244017971637,-5.680821193314565,140.0167892327143,-10.810771192090385,-7.167636446311225,153.52266,2.695098876953125,1.7868742750743956,158.87066345214913,8.043103027344443,5.332648094745486,131.06785853352903,-19.759701891275654,-13.100856259706518,162.79169238878382,11.964131963979128,7.932324788839812,146.2879341142478,-4.5396263105568835,-3.009812197300719,147.83098763285926,-2.9965727919454253,-1.9867541339962012,6.073554988211294,HOLD
2025-06-29,153.35308837890625,SOL-USD,142.58627794458909,-10.766810434317165,-7.020928334820639,140.2971366634278,-13.055951715478443,-8.513654242958363,151.45384,-1.8992462158203125,-1.2384792741360624,162.66365971106745,9.310571332161203,6.071329524943479,131.0678485008355,-22.28523987807074,-14.531979834020792,166.0679865365278,12.714898157621548,8.291256662666916,128.27243989369646,-25.080648485209792,-16.354837551911764,146.05845591617572,-7.294632462730533,-4.756756150033892,1.6744472608245076,SELL
2025-06-30,154.7353057861328,SOL-USD,140.2575125795806,-14.477793206552207,-9.356489867000791,136.053481421343,-18.681824364789804,-12.073407726747806,150.10303,-4.6322784423828125,-2.9936790565336846,165.24642192574967,10.51111613961686,6.792965630057813,131.06783982914538,-23.667465956987428,-15.295452990993136,164.00105265306152,9.265746866928708,5.98812715679468,161.18384942215295,6.448543636020133,4.16746753642183,149.7018835963976,-5.033422189735205,-3.252924188285861,0.9013300102645339,SELL
2025-07-01,146.9266357421875,SOL-USD,141.04761365852966,-5.879022083657844,-4.001331721753827,136.43903607987258,-10.48759966231492,-7.1379839396292555,153.44557,6.5189361572265625,4.436864782411104,167.10460786097298,20.177972118785476,13.733365646642728,131.06783070319563,-15.858805038991875,-10.793689625357894,164.3810940499536,17.45445830776609,11.879710046851862,133.53969366281274,-13.386942079374762,-9.111310561050932,146.71792113067872,-0.2087146115087819,-0.14205362455519224,-5.046469520497188,HOLD
2025-07-02,152.22763061523438,SOL-USD,143.41714719822963,-8.810483417004747,-5.787703179374735,136.87609420399485,-15.351536411239522,-10.084592625659115,151.37988,-0.847747802734375,-0.5568948286905384,168.52445921707243,16.296828601838058,10.705565432486692,131.06781999519106,-21.159810620043316,-13.900111651560923,164.68022039836518,12.452589783130804,8.180242793508077,123.33196380473606,-28.895666810498312,-18.981880420601215,145.61108394715558,-6.616546668078797,-4.346482068555981,3.6079195894395566,SELL
2025-07-03,152.40179443359375,SOL-USD,138.5804151162209,-13.821379317372845,-9.06903975031295,137.11568411654056,-15.286110317053186,-10.030138013705493,155.94034,3.538543701171875,2.32185173037036,171.3549067817107,18.953112348116946,12.436278994323398,131.06780675689689,-21.333987676696864,-13.998514752392074,165.23452719852185,12.832732764928096,8.420329178289117,154.5558471016,2.154052668006244,1.4134037437104012,150.54993217232234,-1.8518622612714069,-1.215118409959616,0.11441012229875813,HOLD
2025-07-04,147.76364135742188,SOL-USD,144.19148005212054,-3.5721613053013357,-2.4174832675250073,137.75586213607414,-10.007779221347732,-6.772829316746573,165.43019,17.666549682617188,11.955951762100936,172.15489987764303,24.391258520221157,16.506941962279974,131.06778989665258,-16.69585146076929,-11.299025462146064,166.1781232253957,18.41448186797382,12.462119706045602,146.6640100068007,-1.0996313506211663,-0.744182628770832,151.9203366049608,4.15669524753892,2.813070393605414,-3.043371696120589,BUY
2025-07-05,147.64144897460938,SOL-USD,143.40184066280625,-4.239608311803124,-2.8715569653696846,138.76110911094585,-8.880339863663522,-6.014801348360323,159.96207,12.32061767578125,8.344958520354325,171.48513313801024,23.843684163400866,16.149722404513504,131.06776802717752,-16.573680947431853,-11.225628752994771,165.47829460227672,17.836845627667344,12.081191123188471,110.71860207064442,-36.92284690396495,-25.008456067316676,145.83925918032168,-1.802189794287699,-1.2206530122835835,-0.08269448538895663,HOLD
2025-07-06,151.87294006347656,SOL-USD,142.5562322680655,-9.316707795411077,-6.134541012715682,139.37735718739881,-12.495582876077748,-8.22765587526989,170.7321,18.859161376953125,12.41772324225157,173.76653661291144,21.893596549434875,14.415732348556803,131.06773945707482,-20.80520060640174,-13.699083324327582,164.39728604574344,12.52434598226688,8.246594802887351,132.15684866901165,-19.71609139446491,-12.98196465165184,150.5791573829479,-1.2937826805286647,-0.8518849243241868,2.866059035762314,HOLD
2025-07-07,148.87234497070312,SOL-USD,148.78948606585786,-0.08285890484526703,-0.05565768770658715,135.9508609634103,-12.921484007292833,-8.67957309991703,174.61133,25.738983154296875,17.289297860769302,176.08860166351388,27.21625669281076,18.281606767305707,131.06770235578318,-17.804642614919942,-11.959670964022063,165.7747951782309,16.902450207527778,11.35365350149757,137.83338843543035,-11.038956535272774,-7.415048468165899,152.87373754103234,4.001392570329216,2.687801129965849,-1.9757272701241613,BUY
2025-07-08,151.81039428710938,SOL-USD,148.26820967045256,-3.5421846166568116,-2.3332951826458617,136.4860523697115,-15.324341917397874,-10.094395702850173,173.26381,21.453414916992188,14.131716749525532,175.82733388537193,24.016939598262553,15.820352559549274,131.067655154227,-20.742739132882377,-13.663582938631297,163.25362245588076,11.443228168771384,7.537842334517314,115.53414109974159,-36.276253187367786,-23.895763763554164,149.10011769135528,-2.7102765957540953,-1.7853037062984773,1.9735359962150367,HOLD
2025-07-09,157.28150939941406,SOL-USD,154.20614471868768,-3.0753646807263806,-1.955325004490221,137.06130151525292,-20.22020788416114,-12.85606169560099,175.76273,18.481216430664062,11.750406326360519,177.52670396445305,20.245194565038986,12.87194829344282,131.06759719888234,-26.213912200531723,-16.66687476527319,167.16622331526895,9.884713915854888,6.28472727251924,108.74437872670117,-48.53713067271289,-30.860036159402288,150.21929646704635,-7.062212932367714,-4.490173676063427,3.6039133802376666,SELL
2025-07-10,164.06277465820312,SOL-USD,154.61253189958,-9.45024275862312,-5.760138324072046,137.59726103167927,-26.465513626523858,-16.131333681062173,173.82938,9.7666015625,5.952966224572913,178.5456108000701,14.482836141866983,8.82761867952039,131.06752950689923,-32.99524515130389,-20.111353852233616,165.838811609548,1.776036951344878,1.0825349961592132,113.37427685740563,-50.68849780079749,-30.895794555710975,150.69505684655505,-13.367717811648077,-8.147928644689475,4.311546401534172,SELL
2025-07-11,162.8833770751953,SOL-USD,162.31708496866344,-0.5662921065318756,-0.34766721853418237,138.25925024997235,-24.62412682522296,-15.117642614847801,173.35052,10.467147827148438,6.426160861286825,179.02342563974693,16.14004856455162,9.908959928489539,131.06745520344896,-31.815921871746355,-19.532945867802393,167.40258956924643,4.519212494051118,2.7745081021771902,146.46144813571712,-16.421928939478192,-10.082016492018697,156.8402540955913,-6.043122979604021,-3.7100919001784978,-0.718869704273184,SELL
2025-07-12,160.68484497070312,SOL-USD,167.54804787481342,6.863202904110295,4.271219793852762,139.2734777769735,-21.41136719372963,-13.32506945358379,169.2753,8.5904541015625,5.346150785488672,178.92897498482884,18.244130014125716,11.353983020273056,131.0673791225517,-29.617465848151426,-18.432021920643127,166.17020203008568,5.485357059382551,3.4137364107876316,141.21752194368074,-19.46732302702239,-12.115220343630893,156.21155754359992,-4.473287427103202,-2.7838888153508154,-1.349758424690095,SELL
2025-07-13,161.1940155029297,SOL-USD,170.7261784004029,9.5321628974732,5.913471953491942,140.07276295272607,-21.12125255020362,-13.103000433548814,171.77405,10.580032348632812,6.563539170869852,182.85494226712225,21.660926764192567,13.437798355360705,131.0673064856437,-30.126709017285975,-18.68971929465857,167.45182662557121,6.257811122641527,3.8821609494105522,125.82092998907143,-35.37308551385826,-21.94441611463879,155.6811420817286,-5.512873421201078,-3.4200236305304292,0.3168752674338471,SELL
2025-07-14,162.2752227783203,SOL-USD,171.58969669466245,9.314473916342138,5.739923666021634,134.20918494687618,-28.066037831444135,-17.29533156752117,172.14064,9.86541748046875,6.0794354871696115,184.47239904284066,22.19717626452035,13.67872179404942,131.0672413449347,-31.207981433385612,-19.231513535506263,166.89053556289036,4.615312784570051,2.844126605128684,121.86675952852488,-40.40846324979543,-24.901191049354658,154.60520819707403,-7.670014581246278,-4.726546942858968,0.6707490175843267,SELL
2025-07-15,163.950439453125,SOL-USD,172.73829928796263,8.787859834837633,5.360070923963681,134.69806703103566,-29.252372422089337,-17.842204339106313,166.16827,2.21783447265625,1.3527468911056808,184.22845991985344,20.278020466728435,12.368384332709347,131.06718570771545,-32.88325374540955,-20.056825620654212,165.70079797531912,1.7503585221941194,1.0676144132535637,145.37299493233368,-18.577444520791317,-11.331134324957262,157.13915411142875,-6.811285341696248,-4.154478246240785,1.032330534583914,SELL
2025-07-16,173.70848083496094,SOL-USD,170.50921758805578,-3.1992632469051614,-1.84174268954937,135.0291418604311,-38.67933897452983,-22.266810917124285,168.7726,-4.935882568359375,-2.8414747193885823,186.63008109290115,12.921600257940213,7.438669773536804,131.0671396270451,-42.64134120791584,-24.547644998650956,166.3890438087181,-7.319437026242838,-4.213632512966927,137.66722011927718,-36.04126071568376,-20.748129591856994,156.58063462329,-17.127846211670942,-9.860109379428614,5.951823864812433,SELL
2025-07-17,175.7930450439453,SOL-USD,172.7508875771275,-3.0421574668178266,-1.7305334611260295,135.74023400742996,-40.05281103651535,-22.784070340497724,174.34798,-1.445068359375,-0.8220281746719599,192.9092980424191,17.116252998473783,9.736592818103246,131.0671018519603,-44.72594319198501,-25.442384925299105,167.4396555999954,-8.353389443949908,-4.751831588025397,128.86909462210852,-46.92395042183679,-26.692722917511663,157.58917834080157,-18.203866703143746,-10.355282655575529,1.2000359446841857,SELL
2025-07-18,177.38197326660156,SOL-USD,172.68010883330373,-4.701864433297828,-2.6507002637923187,136.32699778348888,-41.054975483112685,-23.14495364272889,178.06987,0.687896728515625,0.3878053196993868,190.66054943089932,13.27857616429776,7.485865626458178,131.06707050945204,-46.314902757149525,-26.11026470403458,167.92474150105676,-9.457231765544805,-5.331563062121749,121.29102282453626,-56.090950442065306,-31.621561880903045,156.86005155397916,-20.5219217126224,-11.569338943917577,0.9038629612787341,SELL
2025-07-19,177.07012939453125,SOL-USD,175.54234388165585,-1.527785512875397,-0.8628138004413647,137.27545215562006,-39.79467723891119,-22.473964058751196,176.71123,-0.3589019775390625,-0.20268917110202725,189.54984915254872,12.479719758017467,7.047896672742195,131.06704354066002,-46.00308585387123,-25.98015035690826,168.29574694382976,-8.774382450701495,-4.955314869144998,133.84809737316726,-43.22203202136399,-24.40955578965025,158.89853720921056,-18.17159218532069,-10.26237019617941,-0.17580358721210887,SELL
2025-07-20,181.54603576660156,SOL-USD,176.78538511253618,-4.760650654065387,-2.6222829013935365,137.93160538833772,-43.61443037826385,-24.02389575409691,192.32925,10.783218383789062,5.939660614595924,191.82968420427355,10.283648437671985,5.664485260858466,131.06701884878808,-50.47901691781348,-27.80507803690635,168.44281990976802,-13.103215856833543,-7.217572006738414,136.84223297756972,-44.70380278903184,-24.623948741300943,162.17542865595198,-19.370607110649587,-10.669804509283114,2.5277591355329587,SELL
2025-07-21,195.9942626953125,SOL-USD,173.90560940687607,-22.088653288436433,-11.270050962040083,129.40082927048437,-66.59343342482813,-33.97723612366782,192.56696,-3.42730712890625,-1.748677273392564,192.25634632267545,-3.737916372637045,-1.9071560163206978,131.06699421380347,-64.92726848150903,-33.1271270845531,168.53025450653774,-27.464008188774756,-14.012659253944376,124.97621775401093,-71.01804494130157,-36.23475706108007,158.95760100582774,-37.03666168948476,-18.89680911071411,7.9584370254637715,SELL
2025-07-22,205.70054626464844,SOL-USD,175.2118342626748,-30.488712001973624,-14.821891606815532,129.6320706033656,-76.06847566128283,-36.980201094563604,186.35019,-19.350357055664062,-9.407051856230098,191.53056313430875,-14.169983130339688,-6.888646329654853,131.06696704011966,-74.63357922452877,-36.28263540365486,165.81123767617098,-39.88930858847746,-19.391931286928628,135.24832612241576,-70.45222014223268,-34.24989452949282,159.2644554354343,-46.43609082921415,-22.574607443905766,4.952330458991572,SELL
2025-07-23,189.54293823242188,SOL-USD,169.24067034175926,-20.30226789066262,-10.711170819652228,129.98997872648835,-59.55295950593353,-31.419244663659445,187.87675,-1.6661834716796875,-0.8790533096182014,191.93148075977476,2.3885425273528824,1.2601590698272267,131.0669340063372,-58.47600422608468,-30.85105927522347,169.1185840843591,-20.424354148062775,-10.775581690634112,145.72413238100398,-43.81880585141789,-23.118142126554076,160.7069335800664,-28.836004652355484,-15.213441830787763,-7.854917415454333,SELL
2025-07-24,182.60606384277344,SOL-USD,172.29096921099628,-10.315094631777157,-5.648823710837231,130.5311475624738,-52.07491628029965,-28.51762706255852,201.88335,19.27728271484375,10.55675934805855,197.44960992524182,14.843546082468379,8.12872572251976,131.06689075153682,-51.53917309123662,-28.22423965921122,168.2213825631476,-14.384681279625823,-7.877438994584128,118.92515484298711,-63.680908999786325,-34.873381343248575,160.05264305914292,-22.553420783630514,-12.350860814265921,-3.6597904698207673,SELL
2025-07-25,186.7796630859375,SOL-USD,170.92923119056817,-15.850431895369326,-8.486165802792206,130.97611964272454,-55.80354344321296,-29.876669933566426,191.94571,5.166046142578125,2.765850444971208,197.28027933427325,10.500616248335746,5.621926967233259,131.06683192921074,-55.712831156726764,-29.82810346493303,169.45908671360158,-17.32057637233592,-9.273266739091776,119.92297569818106,-66.85668738775644,-35.79441481110051,158.79717624815356,-27.982486837783938,-14.981549048468498,2.285575383059335,SELL
2025-07-26,184.91387939453125,SOL-USD,168.83745648310074,-16.076422911430512,-8.694005536020336,131.81245552670254,-53.101423867828714,-28.716840532306286,201.07062,16.15673828125,8.737439468661014,196.0033577237185,11.089478329187244,5.997104363121815,131.06675227962413,-53.847127114907124,-29.12011109778254,168.6514396572175,-16.26243973731374,-8.794602000975972,130.4916576972132,-54.42222169731804,-29.431117813067498,161.133391006194,-23.78048838833726,-12.860304735481396,-0.9989222919562724,SELL
2025-07-27,188.73348999023438,SOL-USD,167.7127472007004,-21.020742789533983,-11.137791597358614,132.55096276699103,-56.18252722324334,-29.768181167078716,201.6907,12.95721435546875,6.865349841270457,200.5110301440331,11.777540153798725,6.240302213670785,131.06664940504794,-57.666840585186435,-30.554641144065258,170.29382788442453,-18.439662105809845,-9.77021200994268,135.40247176589938,-53.331018224335,-28.25731576684906,162.74691335897134,-25.986576631263034,-13.76892709005045,2.0656159549568676,SELL
2025-07-28,182.54156494140625,SOL-USD,166.82467505997997,-15.716889881426283,-8.610033493725785,127.64272680895917,-54.89883813244708,-30.074705533541895,197.51602,14.974456787109375,8.20331347105302,202.17116438635242,19.629599444946166,10.753495759306677,131.0665275172272,-51.47503742417905,-28.19907753102804,169.62295561396945,-12.918609327436798,-7.07707821590306,135.80927335587074,-46.732291585535506,-25.600904429923144,161.52190635298209,-21.019658588424164,-11.514998567680317,-3.2807770624855737,SELL
2025-07-29,181.33531188964844,SOL-USD,164.89210672947948,-16.443205160168958,-9.067845081478376,127.86609338598326,-53.469218503665175,-29.486379650205063,192.74995,11.414642333984375,6.294770839190303,203.23341882366117,21.89810693401273,12.076030148688757,131.06639833967972,-50.268913549968715,-27.72152485146404,168.1768929040555,-13.158418985592931,-7.256401882497372,132.60139508642166,-48.733916803226776,-26.875028528852557,160.0837513561305,-21.25156053351793,-11.719482715231198,-0.6608100747602319,SELL
2025-07-30,177.6940155029297,SOL-USD,168.98073065015458,-8.713284852775104,-4.903533092048025,128.38641844257953,-49.30759706035016,-27.748597453208667,204.94333,27.249313354492188,15.334964026429422,204.783385720427,27.089370217497304,15.2449536023067,131.0662756598408,-46.627739843088875,-26.240467193629325,170.17942910546503,-7.5145863974646545,-4.228947371241526,128.3093519791982,-49.38466352373149,-27.791967773341963,162.3784172021553,-15.315598300774383,-8.619085036390475,-2.0080459502199166,SELL
2025-07-31,172.42434692382812,SOL-USD,163.2857549426723,-9.138591981155827,-5.30005892102522,129.22341180457406,-43.20093511925407,-25.055008698011154,195.28757,22.86322021484375,13.259856060202468,212.42133737693717,39.99699045310905,23.196834534497913,131.06616784273905,-41.35817908108908,-23.986275615333994,170.25953337636267,-2.1648135474654566,-1.255515004746868,113.84020763392458,-58.58413928990355,-33.976720999723,159.3405685879831,-13.083778335845011,-7.588126949162829,-2.965585849465302,SELL
2025-08-01,162.87709045410156,SOL-USD,174.8112667403216,11.934176286220037,7.327105520455661,129.67046913237883,-33.206621321722736,-20.387533464124775,207.76738,44.890289306640625,27.560836936297445,211.2882402095275,48.411149755425924,29.72250401849368,131.06607601560125,-31.811014438500308,-19.530686820234298,170.27662497185497,7.399534517753409,4.543017374096932,163.92975101755775,1.052660563456186,0.6462913602651956,169.829972549712,6.952882095610448,4.26879070360712,-5.537069816447815,BUY
2025-08-02,158.48301696777344,SOL-USD,173.73508476274102,15.252067794967587,9.623786880627723,130.43987080626837,-28.043146161505064,-17.694732658457323,192.83395,34.35093688964844,21.674837813463313,210.52366530866,52.04064834088655,32.83673502471795,131.06599751961738,-27.417019448156054,-17.299657700062046,170.49180190856796,12.008784940794527,7.577332366935216,140.71634936597422,-17.766667601799213,-11.210455190546984,164.25810336132153,5.775086393548094,3.643978076668254,-2.6977848597844134,BUY
2025-08-03,161.95497131347656,SOL-USD,168.21914104524782,6.264169731771261,3.8678465260856174,131.41911594518805,-30.53585536828851,-18.85453414652148,215.65524,53.70027160644531,33.15753210347845,213.821619121543,51.86664780806643,32.025350865997474,131.06592939962763,-30.889041913848928,-19.072611148231296,170.85851892584506,8.903547612368499,5.497545114027394,160.31500417711828,-1.6399671363582797,-1.0126068518045022,170.1935102192131,8.238538905736533,5.08693178043309,2.190742208301799,BUY
2025-08-04,169.42568969726562,SOL-USD,169.61667032289606,0.19098062563043072,0.11272235395451541,128.9922786143428,-40.43341108292282,-23.864982432811885,227.63773,58.2120361328125,34.358447197014414,214.08818988305092,44.66250018578529,26.36111457807222,131.06586973528545,-38.35981996198018,-22.641088273285202,171.28351374813602,1.8578240508703914,1.0965421207315145,150.58179624648764,-18.843893450777983,-11.122217347586872,170.466577768611,1.040888071345364,0.6143625994412364,4.61283671825603,HOLD
2025-08-05,164.096435546875,SOL-USD,162.16550298293484,-1.9309325639401607,-1.1767059762785521,129.527048181963,-34.56938736491199,-21.066507172873393,225.63268,61.53623962402344,37.500046493359264,212.3943045938894,48.29786904701439,29.43261313754609,131.06581750230774,-33.03061804456726,-20.128784598207737,168.61252243402004,4.516086887145036,2.7520932262145283,156.77774743626887,-7.318688110606132,-4.459992129759279,169.45365975746887,5.35722421059387,3.264680425714397,-3.145481750679646,BUY
2025-08-06,168.1757354736328,SOL-USD,156.48619800155276,-11.689537472080048,-6.950787186486111,129.93123997444,-38.24449549919282,-22.74079277339562,219.90175,51.72601318359375,30.75712024562755,211.64693362485022,43.47119815121741,25.84867432200585,131.06577203837526,-37.109963435257555,-22.066181741821957,171.62147414879973,3.445738675166922,2.0488916938360333,141.98578864765753,-26.189946825975284,-15.572964049906854,166.09130787041457,-2.084427603218245,-1.2394342128773084,2.485916231612806,HOLD
2025-08-07,175.4854278564453,SOL-USD,156.08242109302014,-19.403006763425168,-11.0567623764736,130.7933231909287,-44.69210466551661,-25.467701342174514,210.65962,35.1741943359375,20.043940266488402,216.65702673830125,41.17159888185594,23.461548565466128,131.0657326707749,-44.419695185670406,-25.31246937609409,171.09561581080578,-4.38981204563953,-2.501525111948661,141.6708729105089,-33.81455494593641,-19.26915263505422,165.43208780096035,-10.053340055484966,-5.7288745728272294,4.346460779390227,SELL
2025-08-08,176.76329040527344,SOL-USD,152.23069706733588,-24.532593337937556,-13.878782908878046,131.4923204030514,-45.27097000222204,-25.611069978629146,215.52368,38.76039123535156,21.927851165524135,215.11875763100494,38.3554672257315,21.698774184273294,131.06569860805743,-45.697591797216006,-25.852422011630928,171.41125208454778,-5.352038320725654,-3.0277996683897355,151.2540014332463,-25.50928897202715,-14.431327292867662,166.87091555255265,-9.892374852720792,-5.596396644371172,0.728187271408931,SELL
2025-08-09,180.18234252929688,SOL-USD,141.55150892850816,-38.63083360078872,-21.43985534792762,132.20560121046464,-47.97674131883224,-26.626771883061416,230.62666,50.44432067871094,27.996261992491807,212.9714926789472,32.78915014965031,18.197759941054677,131.06566899283257,-49.116673536464305,-27.259426671333316,171.6729545981667,-8.509387931130163,-4.722653625033526,167.1510342143543,-13.031308314942578,-7.232289319817086,169.60641769018304,-10.575924839113839,-5.869567844803793,1.9342546272953065,SELL
2025-08-10,182.90301513671875,SOL-USD,146.18569413976473,-36.717320996954015,-20.074748887823457,133.16866539059544,-49.734349746123314,-27.19165111026039,242.22908,59.32606506347656,32.435804854901235,219.0618199242403,36.15880478752155,19.769386940118558,131.06564299393864,-51.83737214278011,-28.34145303948764,172.86000646769148,-10.043008669027273,-5.49089289835938,151.7863477907893,-31.116667345929443,-17.012659590477472,170.90817955817357,-11.994835578545178,-6.558030533055521,1.509955176090294,SELL
2025-08-11,174.97781372070312,SOL-USD,147.42951272465513,-27.548300996048,-15.743882272995005,128.94279777028044,-46.03501595042269,-26.309058829539993,243.57559,68.5977783203125,39.20370066447808,220.5392818288868,45.561468108183675,26.03842575202602,131.06561987234159,-43.91219384836154,-25.095863821029052,172.49841022024947,-2.4794035004536568,-1.4169816434049418,163.7641702881041,-11.213643432599014,-6.408608722530993,172.5450549636476,-2.432758757055524,-1.3903241247136942,-4.333007528657518,HOLD
2025-08-12,191.85682678222656,SOL-USD,143.66379119746412,-48.19303558476244,-25.119270652519205,129.69263137694088,-62.16419540528568,-32.40134659156393,235.40988,43.55305480957031,22.70081056797976,220.22586512394497,28.369038341718408,14.786567054983987,131.06559900704258,-60.791227775183984,-31.685725650089623,170.52695410386949,-21.329872678357077,-11.117599011771551,155.33480599020172,-36.52202079202485,-19.036080917506457,169.4170754844658,-22.43975129776075,-11.696092171498142,9.646373275908825,SELL
2025-08-13,201.59042358398438,SOL-USD,148.5627282436871,-53.02769534029727,-26.30466983378576,130.30809736664662,-71.28232621733775,-35.35997640663764,231.73557,30.1451416015625,14.953657552588934,221.61048316142893,20.020059577444556,9.931056853553374,131.06557989064046,-70.52484369334391,-34.98422317861872,172.74259619866652,-28.847827385317856,-14.310117947294055,138.57981688169835,-63.010606702286026,-31.256746020991045,167.80069527547357,-33.7897283085108,-16.761574140169262,5.073364844507844,SELL
2025-08-14,192.58595275878906,SOL-USD,155.76425177205755,-36.821700986731514,-19.119619296870592,131.21924205911364,-61.36671069967542,-31.864582967033055,237.33578,44.74983215332031,23.236290867677557,230.05549730277707,37.46954454398801,19.456011202913658,131.0655621066714,-61.52039065211767,-31.944381078079466,173.10058428818198,-19.485368470607085,-10.117751679953631,142.6859799966299,-49.899972762159166,-25.910494533657975,171.603843205363,-20.982109553426056,-10.894932497857631,-4.466715563720203,SELL
2025-08-15,185.7412567138672,SOL-USD,150.42971069968044,-35.311546014186746,-19.01114843245832,132.0203603222677,-53.720896391599496,-28.922436157711623,237.73376,51.99250793457031,27.99190059032729,228.78477867227147,43.043521958404284,23.173915542475555,131.06554529468247,-54.67571141918472,-29.436492670775987,172.540640329631,-13.200616384236184,-7.10699206938802,156.95968138058674,-28.781575333280443,-15.495520942672533,172.7906401925082,-12.950616521358995,-6.972396305743375,-3.554099323897597,SELL
2025-08-16,189.76699829101562,SOL-USD,142.3804588662627,-47.386539424752925,-24.970906349102748,132.8617709087633,-56.90522738225232,-29.98689334537809,245.29327,55.526275634765625,29.260238152480948,227.49113895440797,37.72414066339235,19.879189217895938,131.06552910032622,-58.70146919068941,-30.93344455007306,172.6114852153446,-17.155513075671024,-9.04030375680092,140.1330722421806,-49.633926048835036,-26.155193735382447,170.26238988758095,-19.504608403434673,-10.27818776662291,2.1673922360448294,SELL
2025-08-17,191.16482543945312,SOL-USD,140.8569732068637,-50.307852232589426,-26.316479570413037,133.72510392209944,-57.43972151735369,-30.047223062773305,235.50417,44.33934020996094,23.19429848458411,231.99666668313785,40.83184124368472,21.359494954063727,131.06551309677258,-60.09931234268055,-31.438478393984443,173.72191992800938,-17.44290551144374,-9.124537148162942,157.67291330904052,-33.4919121304126,-17.519913537137803,172.0776079707625,-19.087217468690625,-9.984691181974815,0.7366018122360041,SELL
2025-08-18,183.0698699951172,SOL-USD,138.99322627829474,-44.076643716822446,-24.07640520966014,129.12173859866616,-53.94813139645103,-29.468602014023347,237.03299,53.96311950683594,29.476789112416608,232.28766149575955,49.21779150064236,26.884703365963546,131.0654966467212,-52.004373348396,-28.406844528694457,173.66670004755213,-9.403169947565061,-5.136383145853472,139.9689161897353,-43.10095380538189,-23.54344480964097,168.8766755369546,-14.193194458162594,-7.752883889927464,-4.234542325308599,SELL
2025-08-19,176.11227416992188,SOL-USD,143.3040047245965,-32.80826944532538,-18.62917823301193,129.8495530766274,-46.26272109329449,-26.26887950391119,234.60994,58.49766540527344,33.21612061453024,230.7124993306845,54.60022516076262,31.003077677641937,131.065478644345,-45.04679552557687,-25.578453141836942,171.0868193172926,-5.025454852629281,-2.8535517335835845,151.94613900136213,-24.166135168559748,-13.722005057548154,170.3677762385862,-5.7444979313356725,-3.261838482531374,-3.800513883240797,SELL
2025-08-20,187.5863037109375,SOL-USD,141.29873645865666,-46.28756725228084,-24.67534480748019,130.41512522579146,-57.171178485146044,-30.477266918828143,237.95403,50.36772155761719,26.850425943267,229.81031112938967,42.224007418452175,22.50910998465942,131.06545702437796,-56.52084668655954,-30.130582866889768,174.0355922928123,-13.55071141812519,-7.223721108661674,116.534351490619,-71.0519522203185,-37.8769402748116,165.87337127002883,-21.712932440908673,-11.57490286410642,6.515178794378018,SELL
2025-08-21,180.28062438964844,SOL-USD,139.37835141796177,-40.90227297168667,-22.68811366177809,131.12743614907032,-49.15318824057812,-27.2648202805983,236.88757,56.60694885253906,31.399352561699573,235.88617732589782,55.60555293624938,30.84388748070156,131.06542784887478,-49.21519654077366,-27.29921571294467,173.70116620335295,-6.579458186295483,-3.649564787436619,172.08356847885548,-8.197055910792955,-4.546831329514534,174.30424295231435,-5.976381437334084,-3.3150436756958794,-3.8945696869995383,SELL
2025-08-22,200.64744567871094,SOL-USD,145.39134473092037,-55.25610094779057,-27.538900762419892,131.8847225555155,-68.76272312319543,-34.270420383672636,237.7692,37.12174987792969,18.500983031386966,234.10935250153545,33.46190682282452,16.676966262708266,131.06538373270405,-69.58206194600689,-34.67876788096569,173.82001085789673,-26.827434820814204,-13.370434260983291,143.45960641588852,-57.18783926282242,-28.501653270181727,171.07137376444305,-29.576071914267885,-14.740318180589707,11.297287968696402,SELL
2025-08-23,203.93673706054688,SOL-USD,139.61836016455896,-64.31837689598791,-31.538396574861544,132.72800105343933,-71.20873600710755,-34.91707135922565,241.20564,37.26890563964844,18.274738615918746,231.78621493607847,27.84947787553159,13.655939717846591,131.06531162435687,-72.87142543619001,-35.732368030658044,174.07926083326748,-29.857476227279392,-14.640557977749245,163.049367025066,-40.88737003548087,-20.049045907477574,173.36173690528034,-30.575000155266537,-14.992394502315252,1.6393387768827816,SELL
2025-08-24,205.8523712158203,SOL-USD,143.9846776382403,-61.86769357758001,-30.054399282443296,133.50798883525124,-72.34438238056907,-35.1438178502795,238.95856,33.10618591308594,16.082489464440833,237.60033696519142,31.747965749371104,15.422686443619254,131.06519141381278,-74.78717980200753,-36.33049226506065,175.41422554542436,-30.438145670395954,-14.786395459338145,133.26271362899058,-72.58965758682973,-35.26296887332188,170.54195587940245,-35.31041533641786,-17.153271117483325,0.9393276478208534,SELL
2025-08-25,187.2784423828125,SOL-USD,148.3252371799651,-38.953205202847414,-20.799620451361864,129.27149805606385,-58.00694432674865,-30.973636681673,232.98653,45.70808410644531,24.406484550429056,239.46309526184953,52.18465287903703,27.86474097876536,131.06500078942918,-56.21344159338332,-30.015970273011156,174.6657920752278,-12.612650307584687,-6.7347048315381635,134.37171427245468,-52.90672811035782,-28.250303364982138,170.021266303464,-17.25717607934851,-9.214715724767418,-9.022936545887283,SELL
2025-08-26,195.90509033203125,SOL-USD,143.13568867631656,-52.76940165571469,-26.936207510625714,130.03601517626876,-65.86907515576249,-33.62295234091354,234.21861,38.31352233886719,19.557185713720465,239.69210776935134,43.78701743732009,22.351138177730515,131.06473433097258,-64.84035600105867,-33.09784135326116,172.66630261454637,-23.238787717484882,-11.862268447490795,134.4119327816129,-61.493157550418346,-31.38925969008574,169.31791343142385,-26.587176900607403,-13.571457921560857,4.606321923366474,SELL
2025-08-27,202.92337036132812,SOL-USD,140.78113773510648,-62.14223262622164,-30.623497192841974,130.63574487690877,-72.28762548441935,-35.62311495009324,235.64923,32.725860595703125,16.12720138514899,240.7685153135423,37.845144952214184,18.649968648178177,131.06442708834558,-71.85894327298254,-35.41186170179883,175.24642098770892,-27.67694937361921,-13.63911378188587,144.0568488168622,-58.86652154446591,-29.009237053202586,171.1717608250722,-31.751609536255927,-15.647093520927912,3.582489876808137,SELL
2025-08-28,214.4056396484375,SOL-USD,141.97569133745705,-72.42994831098045,-33.78173653908748,131.45230754539185,-82.95333210304565,-38.68990211221349,236.53287,22.127227783203125,10.320263879012373,249.1419397719289,34.73630012349139,16.201206358400253,131.06414201571963,-83.34149763271787,-38.87094470526687,175.27155956734788,-39.13408008108962,-18.25235574272116,132.1417067057767,-82.2639329426608,-38.36836245424774,171.08288776789465,-43.32275188054285,-20.20597590230345,5.658426265374894,SELL
2025-08-29,205.22000122070312,SOL-USD,142.2139680366742,-63.00603318402892,-30.701701982873153,132.32460257640582,-72.8953986442973,-35.520611154222834,230.15427,24.93426513671875,12.150017049216991,247.77543625665177,42.55543503594865,20.736494875166947,131.06392150535325,-74.15607971534988,-36.13491827027083,174.99146668671145,-30.228534533991677,-14.729818903705446,142.46880927759824,-62.751191943104885,-30.577522449003077,171.57035295668808,-33.64964826401504,-16.3968658336702,-4.284233587696729,SELL
2025-08-30,202.86013793945312,SOL-USD,146.4179328062256,-56.44220513322753,-27.823211453239576,133.17211735266616,-69.68802058678696,-34.35274238430542,230.6823,27.822158813476562,13.71494621667887,246.4110594063749,43.55092146692178,21.468447132733516,131.0637657841965,-71.79637215525662,-35.39205527735834,175.16492505521947,-27.695212884233655,-13.652368161407708,134.7627424625865,-68.09739547686664,-33.56864299145424,171.0964056600284,-31.763732279424715,-15.657946702621839,-1.1499187541238243,SELL
2025-08-31,200.86354064941406,SOL-USD,138.95554771783802,-61.90799293157605,-30.82092087564555,134.01694628588285,-66.84659436353121,-33.27960572008677,225.8151,24.951553344726562,12.422141551451015,250.75202023898294,49.888479589568874,24.837000994941093,131.06364901470752,-69.79989163470654,-34.74990603522957,176.48156394093172,-24.38197670848234,-12.13857757841603,144.45410868564474,-56.40943196376932,-28.083459935731188,171.64841855401832,-29.215122095395742,-14.544761085531011,-0.9842235691641776,SELL
2025-09-01,197.10833740234375,SOL-USD,136.954175861275,-60.15416154106876,-30.51832425448356,129.28542335106496,-67.82291405127879,-34.408952429463454,222.52043,25.412094116210938,12.892450137377482,251.12408280038105,54.015745398037296,27.404089603667376,131.06353686367675,-66.044800538667,-33.50685283487236,176.06618257308693,-21.042154829256816,-10.67542606597351,146.41682927827895,-50.6915081240648,-25.71758698394969,170.4900946066169,-26.618242795726843,-13.504371832528244,-1.8695295497277997,SELL
2025-09-02,209.48153686523438,SOL-USD,139.49800561668363,-69.98353124855075,-33.4079710774574,129.86292303007306,-79.61861383516131,-38.00746119519942,221.25235,11.77081298828125,5.619021687746047,249.4948099445413,40.01327307930691,19.10109772826835,131.06339109258823,-78.41814577264614,-37.43439490951169,173.47596611859868,-36.0055707466357,-17.187944716005752,144.45492467404813,-65.02661219118625,-31.041691389260606,169.87176719000698,-39.6097696752274,-18.908477695917195,6.277359763648183,SELL
2025-09-03,210.74630737304688,SOL-USD,144.45308145983947,-66.29322591320741,-31.456411616199876,130.54263515865955,-80.20367221438732,-38.05697628306102,220.79745,10.0511474609375,4.769311304299976,248.628230176304,37.88192280325711,17.975130039266336,131.06316953392843,-79.68313783911844,-37.80998055546923,176.4929122628614,-34.253395110185465,-16.25337854653498,160.33588795892098,-50.4104194141259,-23.919953826233957,173.18762448349975,-37.55868288954713,-17.821751354847535,0.6037622822225863,SELL
2025-09-04,202.5601806640625,SOL-USD,142.05211470121498,-60.508065962847525,-29.871648891939724,131.3012662022128,-71.25891446184971,-35.17913255618073,219.2184,16.658218383789062,8.223836653965082,255.13689920338206,52.57671853931956,25.95609777151405,131.06283742775054,-71.49734323631196,-35.29684017950561,176.21133300771388,-26.348847656348624,-13.007910819376232,152.33340467580078,-50.22677598826172,-24.79597708868591,172.4737506094181,-30.08643005464441,-14.85308215860129,-3.884351195057445,SELL
2025-09-05,203.49851989746094,SOL-USD,141.7205598342383,-61.77796006322265,-30.357940733107743,132.02522112078992,-71.47329877667102,-35.12226959325555,218.30615,14.807632446289062,7.276530784474673,253.35116030506015,49.85264040759921,24.497790171996837,131.0624002487163,-72.43611964874464,-35.595403684136784,176.24406527963262,-27.254454617828316,-13.39294980207292,133.8487959969171,-69.64972390054385,-34.22615748539057,169.5083364470149,-33.99018345044604,-16.70291433449887,0.46323972970514493,SELL
2025-09-06,200.24630737304688,SOL-USD,142.1442281538195,-58.10207921922736,-29.01530619038416,132.92345548689258,-67.3228518861543,-33.62002164700888,213.63918,13.392868041992188,6.688197259509049,250.65791574004803,50.41160836700115,25.174800488623916,131.0619259305622,-69.18438144248466,-34.54964156397566,176.45735788297634,-23.788949490070536,-11.879844278852618,146.51859716950312,-53.72771020354375,-26.830811967709465,170.48609368269155,-29.76021369035533,-14.861803985685407,-1.5981504563535864,SELL
2025-09-07,206.4681854248047,SOL-USD,140.03376358098467,-66.43442184382002,-32.1765901643066,133.76998772013155,-72.69819770467313,-35.21036306639585,202.25365,-4.21453857421875,-2.0412532640549004,256.82977972424743,50.36159429944274,24.391939220962612,131.06149710615892,-75.40668831864576,-36.522182903626444,177.79976783540042,-28.66841758940427,-13.88515016510631,148.87194321966274,-57.59624220514195,-27.895940523058645,170.0886265767388,-36.3795588480659,-17.61993440936946,3.107112502287901,SELL
2025-09-08,214.1864013671875,SOL-USD,139.713262076628,-74.47313929055949,-34.77024629723691,129.53583606739002,-84.65056529979748,-39.521913977478874,198.71207,-15.474334716796875,-7.224704564819062,258.3387097195149,44.152308352327395,20.613964318227417,131.06113467967015,-83.12526668751735,-38.80977791162974,177.13626424470772,-37.05013712247978,-17.29808096404934,149.4475709807868,-64.7388303864007,-30.225462481820493,169.13497777415546,-45.05142359303204,-21.033745982686714,3.738210769132655,SELL
2025-09-09,217.2506866455078,SOL-USD,139.31014167037526,-77.94054497513255,-35.87585667902153,130.1687691400694,-87.08191750543841,-40.08360979200571,191.12459,-26.1260986328125,-12.02578414651594,258.6245016918522,41.37381504634436,19.04427354646516,131.06078145847783,-86.18990518702998,-39.67301853810374,174.90576912396375,-42.34491752154406,-19.491269820766593,166.482410790129,-50.76827585537882,-23.368522622079627,170.23956598393755,-47.01112066157026,-21.63911257886113,1.4306628519646702,SELL
2025-09-10,223.98690795898438,SOL-USD,148.26530799247502,-75.72159996650936,-33.80626156077622,130.81588033588437,-93.1710276231,-41.59663994297431,189.33887,-34.648040771484375,-15.46877944215784,259.4989869163923,35.51207895740794,15.854533321166597,131.06032535473048,-92.9265826042539,-41.48750632392776,177.79346734359274,-46.19344061539164,-20.6232770639659,160.494710445975,-63.49219751300939,-28.346387782912668,171.03822079665,-52.94868716233438,-23.639188399364013,3.1006674443649462,SELL
2025-09-11,228.7561798095703,SOL-USD,139.27035220809702,-89.48582760147329,-39.118430669705354,131.48597538580708,-97.27020442376323,-42.5213449991762,193.26169,-35.49449157714844,-15.516298447847868,268.41122094791814,39.655041138347826,17.335068793052475,131.05964906359927,-97.69653074597105,-42.70771212707749,177.6343445123233,-51.121835297247,-22.347739562622408,137.46571682669966,-91.29046298287065,-39.90732099953148,168.36984959669522,-60.386330212875095,-26.397682573272608,2.1292636672582965,SELL
2025-09-12,242.30328369140625,SOL-USD,139.808724504719,-102.49455918668724,-42.30011150704121,132.1820777827222,-110.12120590868406,-45.44767377107969,194.92372,-47.37956237792969,-19.553825955686005,267.18037922739467,24.877095535988417,10.266924639647684,131.05874551251793,-111.24453817888832,-45.911279650905456,177.48552413567876,-64.81775955572749,-26.750673192806744,159.4847724655816,-82.81851122582464,-34.179690000116146,171.73199213458435,-70.5712915568219,-29.12518991971253,5.922071217098179,SELL
2025-09-13,242.5959014892578,SOL-USD,142.3358099901206,-100.26009149913722,-41.328023632574336,133.04062600679325,-109.55527548246457,-45.15957392928821,190.66534,-51.93055725097656,-21.406197273813408,265.3592742632308,22.763372773973003,9.383247051674108,131.05772599667037,-111.53817549258744,-45.97694141074612,177.5284500161115,-65.06745147314632,-26.821331718181362,132.0101156688465,-110.5857858204113,-45.584358656326295,167.42819231143633,-75.16770917782148,-30.984739938465083,0.12076509793579326,SELL
2025-09-14,240.5576934814453,SOL-USD,145.22681638757015,-95.33087709387516,-39.62911171711422,133.91108774401715,-106.64660573742816,-44.333067961367874,189.60147,-50.95622253417969,-21.18253704411663,270.232977929247,29.675284447801687,12.336036323897744,131.0566528600533,-109.50104062139201,-45.519658522099206,178.86061577942039,-61.69707770202493,-25.647517985860528,164.171691274935,-76.38600220651031,-31.753714088716983,173.2944732746441,-67.26322020680121,-27.96136728505395,-0.840165887098776,SELL
2025-09-15,234.35755920410156,SOL-USD,151.54490058436892,-82.81265861973264,-35.336030508668706,129.35508993379761,-105.00246927030395,-44.8043876318312,193.00462,-41.352935791015625,-17.645232324254337,270.1955035910279,35.837944386926324,15.29199421116821,131.05552568045087,-103.30203352365069,-44.078814387073024,178.44339263666325,-55.914166567438315,-23.858486475677438,144.53447838545904,-89.82308081864252,-38.327366577672784,171.1619306035505,-63.19562860055106,-26.965474813429896,-2.577400118704576,SELL
2025-09-16,236.9895782470703,SOL-USD,152.3608956610378,-84.62868258603251,-35.70987518185463,129.9600100534605,-107.0295681936098,-45.16214129974423,194.52982,-42.45976257324219,-17.91629947920171,268.6225531059218,31.63297485885147,13.347833728735925,131.0543540894513,-105.93522415761902,-44.700372455694094,175.9107082870862,-61.078869959984104,-25.772808412826976,168.57859272044738,-68.41098552662294,-28.86666410929766,174.43098994160476,-62.55858830546555,-26.397189601411892,1.123078364490282,SELL
2025-09-17,244.85745239257812,SOL-USD,159.007100539138,-85.85035185344012,-35.06135958475827,130.67913588697533,-114.1783165056028,-46.63052538933614,193.552,-51.305450439453125,-20.953191311161515,267.4664940302417,22.60904163766355,9.233552590188125,131.05316908739889,-113.80428330517924,-46.47776989965479,178.8353195215169,-66.02213287106122,-26.963497425109374,131.34341835542415,-113.51403403715398,-46.3592318420261,170.27666276768858,-74.58078962488955,-30.458860408836863,3.319924109618544,SELL
2025-09-18,247.6371307373047,SOL-USD,162.08267077974736,-85.55445995755733,-34.548316604553996,131.2655545402102,-116.3715761970945,-46.99278167640471,194.95818,-52.678955078125,-21.272639899065553,274.3237509518651,26.686620214560435,10.776501946660737,131.0520064790963,-116.5851242582084,-47.07901594203285,178.69928263805207,-68.93784809925262,-27.838251838082556,135.42907404847867,-112.20805668882602,-45.31148311836045,172.5443592995185,-75.09277143778618,-30.323712447405615,1.135223093095794,SELL
2025-09-19,238.55270385742188,SOL-USD,170.8915738504861,-67.66113000693576,-28.36317883337657,132.03259704637824,-106.52010681104363,-44.65265121233274,193.19246,-45.36024475097656,-19.014768651747275,272.64447274979347,34.09176889237159,14.291084670642656,131.05089506765813,-107.50180878976374,-45.06417535892421,178.71113709671533,-59.84156676070654,-25.085260319024776,156.96395840992545,-81.58874544749642,-34.20155970911164,176.49815618962884,-62.05454766779303,-26.0129299162678,-3.668442956367335,SELL
2025-09-20,239.5924835205078,SOL-USD,174.06087454636247,-65.53160897414534,-27.351279143335976,132.9544684954,-106.63801502510782,-44.50808032797915,193.63492,-45.95756530761719,-19.18155554478547,269.76481317457035,30.172329654062537,12.593187069443248,131.0498530851682,-108.54263043533962,-45.30301987793743,178.81988756815647,-60.77259595235134,-25.3649843515018,143.25445638386142,-96.33802713664639,-40.20911913474129,174.79132449520134,-64.80115902530648,-27.04640733011971,0.4358699969744917,SELL
2025-09-21,236.57545471191406,SOL-USD,175.2225291049326,-61.35292560698147,-25.933766324867896,133.76784996235125,-102.80760474956281,-43.45658127330035,193.26735,-43.30810546875,-18.30625477249436,275.9685775268048,39.39312281489072,16.651398963963125,131.0488891703671,-105.52656554154697,-44.60588088905937,180.10722975003262,-56.46822496188145,-23.869012544283056,147.518422877585,-89.05703183432905,-37.64423994990385,176.70012109074815,-59.87533362116591,-25.30919096999227,-1.2592334969204089,SELL
2025-09-22,220.49644470214844,SOL-USD,175.08687629383869,-45.40956840830975,-20.594240632609758,129.3969610384831,-91.09948366366532,-41.315624742487145,188.7715,-31.724945068359375,-14.387962178353552,277.2782677380503,56.78182303590188,25.75180888408611,131.0480048544514,-89.44843984769705,-40.56683996357675,179.53860673289182,-40.957837969256616,-18.575282710151352,125.93534338417443,-94.561101317974,-42.885544683366334,172.436508525097,-48.05993617705144,-21.796240860922673,-6.796567306335977,SELL
2025-09-23,213.71730041503906,SOL-USD,177.38480563580617,-36.33249477923289,-17.000259084629636,130.01204117596484,-83.70525923907422,-39.16634688746235,187.81154,-25.90576171875,-12.121508959939604,277.48340605920805,63.76610564416899,29.836660635491462,131.04719704436081,-82.67010337067825,-38.68198934299323,177.1692743017246,-36.54802611331445,-17.101107885200765,151.39883398643298,-62.31846642860609,-29.15929889980063,176.04387098568378,-37.67342942935528,-17.627692917790682,-3.07449142604852,SELL
2025-09-24,211.75625610351562,SOL-USD,172.4164516498726,-39.33980445364301,-18.57787117014952,130.73515120035694,-81.02110490315869,-38.261492904158665,185.77017,-25.986083984375,-12.271695987896516,277.9700345137862,66.21377841027055,31.26886526455322,131.04645997410995,-80.70979612940567,-38.11448011715471,180.08001294557837,-31.67624315793725,-14.958822818652653,141.78298153388968,-69.97327456962594,-33.04425373643741,174.25732341953344,-37.49893268398219,-17.708535924270915,-0.9175880042070039,SELL
2025-09-25,192.38076782226562,SOL-USD,175.11042751425967,-17.270340308005956,-8.977165702946703,131.38756542989933,-60.9932023923663,-31.704417797477525,197.24658,4.865814208984375,2.529262287527485,287.16627536238707,94.78550754012144,49.26974177984918,131.04578657383271,-61.33498124843291,-31.882075294084654,179.99600279092024,-12.384765031345381,-6.437631563456107,116.883666563617,-75.49710125864863,-39.24358038138093,174.119472323738,-18.26129549852763,-9.492266667424184,-9.149901229731993,SELL
2025-09-26,205.35255432128906,SOL-USD,174.8532475538086,-30.499306767480476,-14.852168198386314,132.19413277474806,-73.158421546541,-35.62576652057579,193.92409,-11.428466796875,-5.565290792046506,286.05342043808486,80.7008661167958,39.29869116238671,131.04516936830237,-74.3073849529867,-36.185274246322436,179.88021284730902,-25.472341473980038,-12.404199966330442,138.32816151200393,-67.02439280928513,-32.638694478774575,176.6112045740958,-28.741349747193254,-13.99610043429278,6.742766777502229,SELL
2025-09-27,203.5833282470703,SOL-USD,176.43814930252134,-27.145178944548974,-13.333694452428526,133.0673559002021,-70.51597234686821,-34.637400298952514,187.4264,-16.15692138671875,-7.936269401741278,283.953617318979,80.3702890719087,39.47783434131241,131.04460103361097,-72.53872721345934,-35.63097618947745,179.8491746523903,-23.73415359468001,-11.658200992704106,135.88168606166636,-67.70164218540395,-33.25500313230007,175.38014158996026,-28.203186657110052,-13.853387160898778,-0.8615554260166025,SELL
2025-09-28,210.7377471923828,SOL-USD,175.46520639769784,-35.27254079468497,-16.73764727231549,133.9632799829167,-76.77446720946611,-36.431284016421884,187.01567,-23.722076416015625,-11.256681222068728,289.0511275640139,78.31338037163107,37.1615343786221,131.04407471720648,-79.69367247517633,-37.81651533098332,181.2682317389335,-29.469515453449304,-13.983975745240617,166.16065233802047,-44.57709485436234,-21.152876239902028,180.5668919307366,-30.17085526164621,-14.316777921187128,3.5142459880751264,SELL
2025-09-29,213.05340576171875,SOL-USD,174.31099119961533,-38.74241456210342,-18.18436763476729,129.53094608519277,-83.52245967652598,-39.20259306717603,193.79959,-19.253814697265625,-9.037083743593989,288.811239598389,75.75783383667027,35.55814260082688,131.0435841997992,-82.00982156191955,-38.49261234229704,180.77101221546778,-32.28239354625097,-15.152254164083137,139.5918433127037,-73.46156244901505,-34.48035115250646,176.83702966794587,-36.21637609377288,-16.998731357656713,1.0988342621039537,SELL
2025-09-30,208.7431182861328,SOL-USD,172.56621163991971,-36.1769066462131,-17.330826013925844,130.18317374676644,-78.55994453936637,-37.63474704429825,195.1328,-13.610321044921875,-6.520129217513004,287.2611690268835,78.51805074075071,37.61467749711527,131.04312395548055,-77.69999433065226,-37.22278126752215,178.248185211053,-30.494933075079814,-14.60883277276674,139.27432004486357,-69.46879824126924,-33.2795633272305,176.24414012373967,-32.49897816239314,-15.56888602087732,-2.0231018885502383,SELL
2025-10-01,221.67587280273438,SOL-USD,169.25093055021125,-52.424942252523124,-23.64936769603934,130.84331774261202,-90.83255506012236,-40.97539074130667,208.6114,-13.064468383789062,-5.893500369981587,285.78230726910846,64.10643446637408,28.918994952338057,131.04268914926507,-90.6331836534693,-40.8854524886081,181.1530206948772,-40.522852107857176,-18.28022670916369,135.63270045995705,-86.04317234277732,-38.81485668913806,177.47376718356804,-44.20210561916633,-19.939971391699917,6.195535748811665,SELL
2025-10-02,234.85687255859375,SOL-USD,170.98119382887953,-63.875678729714224,-27.19770472706864,131.51994863113515,-103.3369239274586,-43.99995742158977,205.22588,-29.630996704101562,-12.616618956598346,292.96599966736676,58.10912710877301,24.74235753704654,131.04227559856741,-103.81459696002634,-44.203346416497105,181.08315867302113,-53.77371388557262,-22.896376546169314,136.35364052895451,-98.50323202963924,-41.94181373383653,178.4531561117738,-56.40371644681994,-24.016208609244742,5.9460687305329385,SELL
2025-10-03,233.00196838378906,SOL-USD,175.82706879249892,-57.17489959129014,-24.538376215395115,132.24156076032796,-100.7604076234611,-43.244444809793904,199.64351,-33.35845947265625,-14.316814447554316,291.34654214032116,58.3445737565321,25.040378053987023,131.0418797160358,-101.96008866775327,-43.75932502845202,181.05758892589182,-51.94437945789724,-22.293536753447974,147.24914953731195,-85.75281884647711,-36.80347399693611,179.77247125478863,-53.229497129000436,-22.845084742513205,-0.7898019566542236,SELL
2025-10-04,228.00320434570312,SOL-USD,168.4352118136807,-59.56799253202243,-26.125945336147215,133.07700556466213,-94.926198781041,-41.6337125846319,204.23363,-23.769577026367188,-10.425106565751273,288.26644332709566,60.26323898139253,26.43087370387136,131.0414984448316,-96.96170590087152,-42.52646631836639,181.0963076438761,-46.90689670182704,-20.572911173084147,150.14263813549604,-77.86056621020708,-34.14889121126267,179.4703903212826,-48.53281402442053,-21.286022783624606,-2.1453741669049897,SELL
2025-10-05,228.6011962890625,SOL-USD,170.8446386276207,-57.7565576614418,-25.265203594302093,133.98616786133468,-94.61502842772782,-41.38868473290431,215.81665,-12.7845458984375,-5.592510496870562,294.6009137806133,65.99971749155083,28.87111640837402,131.0411291931386,-97.5600670959239,-42.67697137182116,182.4471350212851,-46.154061267777394,-20.18977241458366,140.471199488341,-88.1299968007215,-38.55185284738517,181.31540490899405,-47.285791380068446,-20.684839864213277,0.2622734821097872,SELL
2025-10-06,232.5160369873047,SOL-USD,171.59630336552956,-60.91973362177512,-26.200228771790616,129.91133098460188,-102.60470600270281,-44.128012558679984,222.87245,-9.643585205078125,-4.147492504185705,295.78413202097227,63.26809503366758,27.210207026331695,131.04076977181674,-101.47526721548795,-43.64226594014609,181.87162095080177,-50.64441603650292,-21.781042156360204,141.59075578752854,-90.92528119977615,-39.10495051347389,182.09533780906818,-50.420699178236504,-21.68482648832926,1.7125197775832879,SELL
2025-10-07,220.4827117919922,SOL-USD,166.88584749371947,-53.59686429827272,-24.308873862562557,130.5161589252033,-89.96655286678887,-40.80435701084134,227.36543,6.882720947265625,3.1216601480114785,295.90771580763715,75.42500401564496,34.209033172089434,131.04041833725495,-89.44229345473724,-40.56657899741314,179.4135441515276,-41.0691676404646,-18.626933289540666,118.83174359777061,-101.65096819422158,-46.10382708378566,178.5658372931958,-41.916874498796375,-19.01141098914893,-5.175266769220532,SELL
2025-10-08,229.10121154785156,SOL-USD,168.6668875062126,-60.43432404163897,-26.378875796130945,131.09796778333808,-98.00324376451348,-42.777269968318734,218.78773,-10.3134765625,-4.501711925842811,296.0463681058604,66.94515655800882,29.220778059493686,131.0400733403001,-98.06113820755147,-42.80254021575516,182.38805903811468,-46.71315250973689,-20.38974486172897,136.03142825091493,-93.06978329693663,-40.623872160317006,180.5797884300132,-48.52142311783837,-21.179033838371417,3.908923146768184,SELL
2025-10-09,220.99107360839844,SOL-USD,159.56948142986917,-61.42159217852927,-27.793698259220108,131.69649612879135,-89.29457747960709,-40.40641824195997,213.41028,-7.5807952880859375,-3.43036266773349,305.22494354781634,84.2338699394179,38.11641283243972,131.03973348142276,-89.95134012697568,-40.703607914214516,182.2957360746898,-38.695337533708624,-17.509909745168127,146.05520464713766,-74.93586896126078,-33.90900262969398,181.32741051857712,-39.66366308982131,-17.948083803650047,-3.539980380138319,SELL
2025-10-10,188.6638641357422,SOL-USD,164.60903803370525,-24.05482610203694,-12.75009722303243,132.50390153450442,-56.159962601237766,-29.767206803752895,203.56522,14.901351928710938,7.898360397192719,304.2759329108759,115.61206877513371,61.27939195178983,131.03939767186586,-57.62446646387633,-30.54345713094055,182.21142358772104,-6.452440548021144,-3.420072295020239,141.08686017128338,-47.57700396445881,-25.217867863783137,179.89882428205846,-8.765039853683732,-4.645849852506653,-14.628287443836241,SELL
2025-10-11,178.05416870117188,SOL-USD,163.3968631461263,-14.657305555045582,-8.231936192207284,133.33624770101693,-44.717921000154945,-25.11478463343646,227.32619,49.27201843261719,27.672487980503487,301.8970479652518,123.8428792640799,69.55348485658051,131.03906500030064,-47.01510370087124,-26.404944093039816,182.19299809906693,4.138829397895051,2.324477673331673,139.1541890941521,-38.89997960701979,-21.847272597310308,182.62037116281482,4.566202461642945,2.564501856345974,-5.623597016404114,BUY
2025-10-12,197.508544921875,SOL-USD,160.2986785413324,-37.20986638054259,-18.83962356933015,134.2271548060021,-63.28139011587291,-32.03982396858021,232.2934,34.78485107421875,17.611820839436586,307.1920766219702,109.68353170009522,55.53356273445325,131.0387347044182,-66.4698102174568,-33.65414404918486,183.61264777720265,-13.895897144672347,-7.035592890509575,160.43218760646272,-37.07635731541228,-18.772026967277757,187.013553721926,-10.494991199948998,-5.313689695856105,10.926099828279433,SELL
2025-10-13,208.36729431152344,SOL-USD,161.39050303074373,-46.97679128077971,-22.545184663455952,130.00597553225182,-78.36131877927161,-37.60730254629887,242.0289,33.66160583496094,16.154937340902706,306.80849038779877,98.44119607627533,47.24407273297842,131.0384061468597,-77.32888816466374,-37.111816621783134,183.0847673527704,-25.28252695875304,-12.133635003655574,146.88221014298813,-61.48508416853531,-29.508030217357856,185.89132181998528,-22.47597249153816,-10.786708425524322,5.497863089388688,SELL
2025-10-14,202.46034240722656,SOL-USD,155.25735550397704,-47.202986903249524,-23.314682935933174,130.62626402679686,-71.8340783804297,-35.480567466365045,234.47792,32.017578125,15.81424675287775,305.268949563856,102.80860715662942,50.77962722686762,131.0380787949095,-71.42226361231707,-35.27716231392076,180.5470425872261,-21.913299820000475,-10.823502301465192,174.80140797916755,-27.658934428059013,-13.661408500646575,187.43100271259422,-15.029339694632341,-7.423349934083628,-2.8348747934815455,SELL
2025-10-15,194.02186584472656,SOL-USD,152.40892718474072,-41.61293865998584,-21.447551016382967,131.15698144529594,-62.86488439943062,-32.40092766128775,235.64066,41.61878967285156,21.45056666250112,303.47297333278766,109.4511074880611,56.411738445837614,131.03775220341888,-62.98411364130769,-32.46237910716369,183.49238935840756,-10.529476486318998,-5.4269535242721645,169.309183405105,-24.712682439621574,-12.737060501932728,186.64555177819057,-7.376314066535997,-3.8017952432429314,-4.167965173903998,SELL
2025-10-16,184.68894958496094,SOL-USD,147.72440518513628,-36.96454439982466,-20.01448623910234,131.78487863555586,-52.90407094940508,-28.644957409900723,230.86935,46.18040466308594,25.00442217407379,310.8355335907258,126.14658400576485,68.30218282644717,131.0374260004812,-53.65152358447975,-29.049666320073403,183.4358562697828,-1.2530933151781483,-0.678488517041296,165.3227451401445,-19.366204444816447,-10.48584903879567,185.85859986712472,1.1696502821637864,0.6333082108010593,-4.810239412517891,HOLD
2025-10-17,182.0347900390625,SOL-USD,147.8405279440355,-34.194262095027,-18.7844653693337,132.59446594678718,-49.44032409227532,-27.159821527338817,229.93365,47.89886474609375,26.31302771070037,309.2412149032635,127.20642486420098,69.8802821355764,131.03709987543755,-50.99769016362495,-28.015353632501487,183.36888416848538,1.3340941294228799,0.7328786596982912,164.45216230600454,-17.58262773305796,-9.658938123468014,185.49542998988142,3.4606399508189156,1.9010871219047214,-1.4370971040026714,HOLD
2025-10-18,187.66029357910156,SOL-USD,146.79380878830682,-40.86648479079474,-21.776841553095473,133.42297147419075,-54.23732210491082,-28.901863612426347,239.70192,52.0416259765625,27.73182594144573,305.96535497806855,118.30506139896698,63.04213807973164,131.03677356884685,-56.62352001025471,-30.17341544677221,183.3859988866734,-4.274294692428157,-2.2776766522676675,140.97963251789375,-46.680661061207815,-24.875086876879063,183.0409228242349,-4.619370754866651,-2.461560017180469,3.0903452789611707,SELL
2025-10-19,187.79820251464844,SOL-USD,142.31088448301563,-45.48731803163281,-24.22138094111138,134.31849273969186,-53.479709774956575,-28.47722132526008,242.02734,54.22914123535156,28.876283430413363,306.5129474447636,118.71474493011516,63.213994245155405,131.0364468641065,-56.76175565054194,-30.224866314210047,184.56921183261704,-3.2289906820313945,-1.7193938167643166,160.27541291625073,-27.522789598397708,-14.655512795044407,185.86439143292077,-1.9338110817276686,-1.0297282166887778,0.07348860694855741,HOLD
2025-10-20,189.75067138671875,SOL-USD,140.72152151657326,-49.02914987014549,-25.838722736438864,129.36516955256562,-60.38550183415313,-31.823603781135134,231.94948,42.19880676269531,22.239081661372683,306.0512516629125,116.30058027619373,61.291261541398676,131.03611958045548,-58.71455180626327,-30.94300082164183,181.89781799484507,-7.85285339187368,-4.138511518554409,145.52792562728445,-44.222745759434304,-23.305712404730702,180.9356120120072,-8.815059374711552,-4.6456011513899425,1.0396632374146453,SELL
2025-10-21,185.66627502441406,SOL-USD,135.35088346235543,-50.315391562058636,-27.09990899286499,129.97052654016363,-55.69574848425043,-29.997773411960114,227.23465,41.56837463378906,22.388758878435546,305.87208601291314,120.20581098849908,64.7429432042479,131.0357915671339,-54.63048345728015,-29.424020840670472,185.7074107156923,0.04113569127824235,0.022155715286921784,142.39578608849416,-43.2704889359199,-23.305518964189957,179.65244772070793,-6.013827303706137,-3.2390520588164717,-2.1525069357886673,SELL
2025-10-22,180.14813232421875,SOL-USD,136.34555713445022,-43.80257518976853,-24.314753988642828,130.86008259320846,-49.28804973101029,-27.359733956222705,231.25365,51.10551452636719,28.368606361342035,312.4418070192327,132.29367469501398,73.43605120308465,131.03546269850818,-49.112669625710566,-27.26238068198277,183.74942554633236,3.601293222113611,1.9990733046470006,161.0185117509777,-19.129620573241056,-10.618828142393852,183.81492765618506,3.6667953319663127,2.0354334428330656,-2.9720759461941637,BUY
2025-10-23,191.38827514648438,SOL-USD,135.23432501638,-56.15395013010436,-29.34032927938003,131.557118727532,-59.83115641895236,-31.261662384050908,236.35164,44.96336364746094,23.493269696404845,313.45299279472573,122.06471764824136,63.77857658982281,131.035132870001,-60.35314227648337,-31.534398975219563,183.3848867373172,-8.003388409167172,-4.181754813894193,117.64184215595992,-73.74643299052445,-38.532367217417345,178.37970529940873,-13.008569847075648,-6.79695234053349,6.239389039036136,SELL
2025-10-24,193.5602264404297,SOL-USD,141.27628802169207,-52.28393841873762,-27.01171587791492,132.45634602089171,-61.10388041953797,-31.568407179118157,242.05782,48.497589111328125,25.05555506066418,311.8167846164229,118.25655817599323,61.09548451700536,131.03480199469266,-62.52542444573703,-32.30282666825662,183.44140026583068,-10.118826174599008,-5.227740409630688,169.84733693759017,-23.712889502839516,-12.25091018899868,187.418681915554,-6.141544524875684,-3.172937249464219,1.134840309461449,SELL
2025-10-25,191.75827026367188,SOL-USD,135.44036547059488,-56.31790479307699,-29.369218191026974,133.33696319358833,-58.42130707008354,-30.466121221135833,238.66452,46.90625,24.461135332261218,315.5294164461669,123.77114618249504,64.54540188139316,131.03447000048135,-60.723800263190526,-31.666848151943565,185.33415325128576,-6.4241170123861195,-3.3501120987130393,156.5759169141284,-35.18235334954346,-18.34724171279129,185.13082936284533,-6.627440900826542,-3.4561434517080616,-0.9309537449380789,SELL
